{
  "schemaVersion": 1,
  "id": "ores_arise",
  "version": "0.0.1",
  "name": "Ores Arise",
  "authors": [
    "james, MCreator"
  ],
  "contact": {
    "homepage": "https://mcreator.net",
    "sources": ""
  },
  "license": "Academic Free License v3.0",
  "environment": "*",
  "entrypoints": {
    "main": [
      "net.mcreator.oresarise.OresAriseMod"
    ],
    "client": [
      "net.mcreator.oresarise.ClientInit"
    ]
  },
  "depends": {
    "fabricloader": ">=0.14.9",
    "fabric": "*",
    "minecraft": "~1.19",
    "java": ">=17"
  },
  "mixins": [
    "ores_arise.mixins.json"
  ]
}