{
  "_fv": 39,
  "_type": "armor",
  "definition": {
    "enableHelmet": true,
    "textureHelmet": "andrite_helmet",
    "enableBody": true,
    "textureBody": "andrite_chestplate",
    "enableLeggings": true,
    "textureLeggings": "andrite_leggings2",
    "enableBoots": true,
    "textureBoots": "andrite_boots2",
    "creativeTab": {
      "value": "COMBAT"
    },
    "armorTextureFile": "andrite",
    "helmetName": "Andrite Helmet",
    "bodyName": "Andrite Chestplate",
    "leggingsName": "Andrite Leggings",
    "bootsName": "Andrite Boots",
    "helmetSpecialInfo": [],
    "bodySpecialInfo": [],
    "leggingsSpecialInfo": [],
    "bootsSpecialInfo": [],
    "helmetModelName": "Default",
    "helmetModelPart": "Helmet",
    "helmetModelTexture": "From armor",
    "bodyModelName": "Default",
    "bodyModelPart": "Body",
    "armsModelPartL": "Arms L",
    "armsModelPartR": "Arms R",
    "bodyModelTexture": "From armor",
    "leggingsModelName": "Default",
    "leggingsModelPartL": "Leggings L",
    "leggingsModelPartR": "Leggings R",
    "leggingsModelTexture": "From armor",
    "bootsModelName": "Default",
    "bootsModelPartL": "Boots L",
    "bootsModelPartR": "Boots R",
    "bootsModelTexture": "From armor",
    "helmetItemRenderType": 0,
    "helmetItemCustomModelName": "Normal",
    "bodyItemRenderType": 0,
    "bodyItemCustomModelName": "Normal",
    "leggingsItemRenderType": 0,
    "leggingsItemCustomModelName": "Normal",
    "bootsItemRenderType": 0,
    "bootsItemCustomModelName": "Normal",
    "helmetImmuneToFire": false,
    "bodyImmuneToFire": false,
    "leggingsImmuneToFire": false,
    "bootsImmuneToFire": false,
    "maxDamage": 15,
    "damageValueHelmet": 2,
    "damageValueBody": 5,
    "damageValueLeggings": 6,
    "damageValueBoots": 2,
    "enchantability": 9,
    "toughness": 0.0,
    "knockbackResistance": 0.0,
    "equipSound": {
      "value": ""
    },
    "repairItems": [
      {
        "value": "CUSTOM:Andrite"
      }
    ]
  }
}