{
  "format_version": "1.12.0",
  "minecraft:geometry": [
    {
      "description": {
        "identifier": "geometry.unknown",
        "texture_width": 128,
        "texture_height": 128,
        "visible_bounds_width": 3,
        "visible_bounds_height": 3.5,
        "visible_bounds_offset": [
          0,
          1.25,
          0
        ]
      },
      "bones": [
        {
          "name": "bipedHead",
          "pivot": [
            0,
            24,
            0
          ]
        },
        {
          "name": "armorHead",
          "parent": "bipedHead",
          "pivot": [
            0,
            24,
            0
          ],
          "cubes": [
            {
              "origin": [
                -5,
                29,
                -5
              ],
              "size": [
                10,
                4,
                10
              ],
              "uv": [
                71,
                2
              ]
            },
            {
              "origin": [
                -1,
                24,
                -1
              ],
              "size": [
                2,
                2,
                2
              ],
              "uv": [
                0,
                0
              ]
            },
            {
              "origin": [
                -1,
                27,
                -5
              ],
              "size": [
                2,
                2,
                2
              ],
              "uv": [
                67,
                24
              ]
            },
            {
              "origin": [
                0,
                30,
                -1
              ],
              "size": [
                2,
                5,
                2
              ],
              "pivot": [
                11,
                30,
                0
              ],
              "rotation": [
                0,
                0,
                15
              ],
              "uv": [
                24,
                0
              ]
            },
            {
              "origin": [
                -1,
                35,
                -1
              ],
              "size": [
                2,
                5,
                2
              ],
              "pivot": [
                8,
                30,
                0
              ],
              "rotation": [
                0,
                0,
                -15
              ],
              "uv": [
                0,
                0
              ]
            },
            {
              "origin": [
                7,
                33,
                -9
              ],
              "size": [
                2,
                5,
                2
              ],
              "pivot": [
                8,
                30,
                0
              ],
              "rotation": [
                -90,
                67.5,
                -90
              ],
              "uv": [
                0,
                0
              ]
            },
            {
              "origin": [
                7,
                32,
                -9
              ],
              "size": [
                2,
                5,
                2
              ],
              "pivot": [
                8,
                30,
                0
              ],
              "rotation": [
                90,
                70,
                90
              ],
              "uv": [
                0,
                0
              ]
            },
            {
              "origin": [
                -5,
                27,
                -1
              ],
              "size": [
                10,
                2,
                6
              ],
              "uv": [
                75,
                16
              ]
            }
          ]
        },
        {
          "name": "bipedBody",
          "pivot": [
            0,
            24,
            0
          ]
        },
        {
          "name": "armorBody",
          "parent": "bipedBody",
          "pivot": [
            0,
            24,
            0
          ],
          "cubes": [
            {
              "origin": [
                -4,
                13,
                -3
              ],
              "size": [
                8,
                10,
                6
              ],
              "uv": [
                0,
                16
              ]
            },
            {
              "origin": [
                -4,
                22,
                -3
              ],
              "size": [
                2,
                2,
                6
              ],
              "uv": [
                46,
                50
              ]
            },
            {
              "origin": [
                2,
                22,
                -3
              ],
              "size": [
                2,
                2,
                6
              ],
              "uv": [
                50,
                6
              ]
            },
            {
              "origin": [
                -3,
                12,
                -3
              ],
              "size": [
                6,
                2,
                6
              ],
              "uv": [
                0,
                34
              ]
            },
            {
              "origin": [
                -1,
                18,
                0
              ],
              "size": [
                2,
                2,
                5
              ],
              "pivot": [
                0,
                24,
                0
              ],
              "rotation": [
                22.5,
                0,
                0
              ],
              "uv": [
                52,
                40
              ]
            },
            {
              "origin": [
                -1,
                17,
                2
              ],
              "size": [
                2,
                2,
                5
              ],
              "pivot": [
                0,
                24,
                0
              ],
              "rotation": [
                -12.5,
                0,
                0
              ],
              "uv": [
                52,
                14
              ]
            }
          ]
        },
        {
          "name": "bipedRightArm",
          "pivot": [
            -4,
            22,
            0
          ]
        },
        {
          "name": "armorRightArm",
          "parent": "bipedRightArm",
          "pivot": [
            -4,
            22,
            0
          ],
          "cubes": [
            {
              "origin": [
                -9,
                19,
                -3
              ],
              "size": [
                6,
                6,
                6
              ],
              "uv": [
                32,
                0
              ]
            },
            {
              "origin": [
                -9,
                11,
                -3
              ],
              "size": [
                6,
                6,
                6
              ],
              "uv": [
                22,
                28
              ]
            },
            {
              "origin": [
                -6,
                26,
                -1
              ],
              "size": [
                2,
                5,
                2
              ],
              "pivot": [
                3,
                22,
                0
              ],
              "rotation": [
                0,
                0,
                -15
              ],
              "uv": [
                0,
                0
              ]
            },
            {
              "origin": [
                37,
                33,
                -1
              ],
              "size": [
                2,
                5,
                2
              ],
              "pivot": [
                16,
                22,
                0
              ],
              "rotation": [
                0,
                0,
                -180
              ],
              "uv": [
                24,
                0
              ]
            }
          ]
        },
        {
          "name": "bipedLeftArm",
          "pivot": [
            4,
            22,
            0
          ]
        },
        {
          "name": "armorLeftArm",
          "parent": "bipedLeftArm",
          "pivot": [
            16,
            22,
            0
          ],
          "cubes": [
            {
              "origin": [
                3,
                19,
                -3
              ],
              "size": [
                6,
                6,
                6
              ],
              "uv": [
                32,
                0
              ]
            },
            {
              "origin": [
                3,
                11,
                -3
              ],
              "size": [
                6,
                6,
                6
              ],
              "uv": [
                22,
                28
              ]
            },
            {
              "origin": [
                5,
                22,
                -1
              ],
              "size": [
                2,
                5,
                2
              ],
              "pivot": [
                16,
                22,
                0
              ],
              "rotation": [
                0,
                0,
                15
              ],
              "uv": [
                24,
                0
              ]
            },
            {
              "origin": [
                25,
                32,
                -1
              ],
              "size": [
                2,
                5,
                2
              ],
              "pivot": [
                16,
                22,
                0
              ],
              "rotation": [
                0,
                0,
                -180
              ],
              "uv": [
                24,
                0
              ]
            }
          ]
        },
        {
          "name": "bipedLeftLeg",
          "pivot": [
            -2,
            12,
            0
          ]
        },
        {
          "name": "armorLeftLeg",
          "parent": "bipedLeftLeg",
          "pivot": [
            -2,
            12,
            0
          ],
          "cubes": [
            {
              "origin": [
                -0.5,
                3,
                -2.5
              ],
              "size": [
                5,
                9,
                5
              ],
              "uv": [
                80,
                25
              ]
            }
          ]
        },
        {
          "name": "armorLeftBoot",
          "parent": "bipedLeftLeg",
          "pivot": [
            3,
            12,
            0
          ],
          "cubes": [
            {
              "origin": [
                0,
                0,
                -3
              ],
              "size": [
                5,
                7,
                6
              ],
              "uv": [
                79,
                39
              ]
            }
          ]
        },
        {
          "name": "bipedRightLeg",
          "pivot": [
            2,
            12,
            0
          ]
        },
        {
          "name": "armorRightLeg",
          "parent": "bipedRightLeg",
          "pivot": [
            -2,
            12,
            0
          ],
          "cubes": [
            {
              "origin": [
                -4.5,
                3,
                -2.5
              ],
              "size": [
                5,
                9,
                5
              ],
              "uv": [
                80,
                25
              ]
            }
          ]
        },
        {
          "name": "armorRightBoot",
          "parent": "bipedRightLeg",
          "pivot": [
            2,
            12,
            0
          ],
          "cubes": [
            {
              "origin": [
                -5,
                0,
                -3
              ],
              "size": [
                5,
                7,
                6
              ],
              "uv": [
                79,
                39
              ]
            }
          ]
        }
      ]
    }
  ]
}