{
  "_fv": 39,
  "_type": "recipe",
  "definition": {
    "recipeType": "Crafting",
    "xpReward": 0.0,
    "cookingTime": 200,
    "recipeRetstackSize": 1,
    "group": "",
    "recipeShapeless": false,
    "recipeSlots": [
      {
        "value": "CUSTOM:SketchiteIngot"
      },
      {
        "value": "CUSTOM:SketchiteIngot"
      },
      {
        "value": "CUSTOM:SketchiteIngot"
      },
      {
        "value": "CUSTOM:SketchiteIngot"
      },
      {
        "value": ""
      },
      {
        "value": "CUSTOM:SketchiteIngot"
      },
      {
        "value": "CUSTOM:SketchiteIngot"
      },
      {
        "value": ""
      },
      {
        "value": "CUSTOM:SketchiteIngot"
      }
    ],
    "recipeReturnStack": {
      "value": "CUSTOM:SketchiteArmor.legs"
    },
    "name": "sketchite_armor_leggings_recipe",
    "namespace": "mod"
  }
}