{
  "_fv": 39,
  "_type": "recipe",
  "definition": {
    "recipeType": "Smithing",
    "xpReward": 0.0,
    "cookingTime": 200,
    "recipeRetstackSize": 1,
    "group": "",
    "recipeShapeless": false,
    "smithingInputStack": {
      "value": "Items.DIAMOND_CHESTPLATE"
    },
    "smithingInputAdditionStack": {
      "value": "CUSTOM:Andrite"
    },
    "smithingReturnStack": {
      "value": "CUSTOM:AndriteArmor.body"
    },
    "name": "andrite_armor_body_recipe",
    "namespace": "mod"
  }
}