{
  "_fv": 39,
  "_type": "tool",
  "definition": {
    "renderType": 0,
    "texture": "andrite_sword",
    "customModelName": "Normal",
    "name": "Andrite Sword",
    "specialInfo": [],
    "creativeTab": {
      "value": "CUSTOM:OresArise"
    },
    "toolType": "Sword",
    "harvestLevel": 2,
    "efficiency": 6.0,
    "attackSpeed": 1.8,
    "enchantability": 20,
    "damageVsEntity": 8.5,
    "usageCount": 1745,
    "blocksAffected": [],
    "hasGlow": false,
    "repairItems": [
      {
        "value": "CUSTOM:Andrite"
      }
    ],
    "immuneToFire": false,
    "stayInGridWhenCrafting": false,
    "damageOnCrafting": false
  }
}