{
  "_fv": 39,
  "_type": "armor",
  "definition": {
    "enableHelmet": true,
    "textureHelmet": "copinium_helmet",
    "enableBody": true,
    "textureBody": "copinium_chestplate",
    "enableLeggings": true,
    "textureLeggings": "copinium_leggings2",
    "enableBoots": true,
    "textureBoots": "copinium_boots2",
    "onHelmetTick": {
      "name": "CopiniumFullSetBonus"
    },
    "creativeTab": {
      "value": "CUSTOM:OresArise"
    },
    "armorTextureFile": "copinium_",
    "helmetName": "Copinium Helmet",
    "bodyName": "Copinium Chestplate",
    "leggingsName": "Copinium Leggings",
    "bootsName": "Copinium Boots",
    "helmetSpecialInfo": [
      "§eFull set bonus: §4Strength III"
    ],
    "bodySpecialInfo": [
      "§eFull set bonus: §4Strength III"
    ],
    "leggingsSpecialInfo": [
      "§eFull set bonus: §4Strength III"
    ],
    "bootsSpecialInfo": [
      "§eFull set bonus: §4Strength III"
    ],
    "helmetModelName": "Default",
    "helmetModelPart": "Helmet",
    "helmetModelTexture": "From armor",
    "bodyModelName": "Default",
    "bodyModelPart": "Body",
    "armsModelPartL": "Arms L",
    "armsModelPartR": "Arms R",
    "bodyModelTexture": "From armor",
    "leggingsModelName": "Default",
    "leggingsModelPartL": "Leggings L",
    "leggingsModelPartR": "Leggings R",
    "leggingsModelTexture": "From armor",
    "bootsModelName": "Default",
    "bootsModelPartL": "Boots L",
    "bootsModelPartR": "Boots R",
    "bootsModelTexture": "From armor",
    "helmetItemRenderType": 0,
    "helmetItemCustomModelName": "Normal",
    "bodyItemRenderType": 0,
    "bodyItemCustomModelName": "Normal",
    "leggingsItemRenderType": 0,
    "leggingsItemCustomModelName": "Normal",
    "bootsItemRenderType": 0,
    "bootsItemCustomModelName": "Normal",
    "helmetImmuneToFire": false,
    "bodyImmuneToFire": false,
    "leggingsImmuneToFire": false,
    "bootsImmuneToFire": false,
    "maxDamage": 15,
    "damageValueHelmet": 5,
    "damageValueBody": 9,
    "damageValueLeggings": 7,
    "damageValueBoots": 4,
    "enchantability": 20,
    "toughness": 0.0,
    "knockbackResistance": 0.2,
    "equipSound": {
      "value": ""
    },
    "repairItems": [
      {
        "value": "CUSTOM:CopiniumIngot"
      }
    ]
  }
}