{
  "_fv": 39,
  "_type": "armor",
  "definition": {
    "enableHelmet": true,
    "textureHelmet": "sketchite_helmet",
    "enableBody": true,
    "textureBody": "sketchite_chestplate",
    "enableLeggings": true,
    "textureLeggings": "sketchite_leggings2",
    "enableBoots": true,
    "textureBoots": "sketchite_boots2",
    "onHelmetTick": {
      "name": "SketchiteArmorHelmetTickEvent"
    },
    "onBodyTick": {
      "name": "SketchiteArmorBodyTickEvent"
    },
    "onLeggingsTick": {
      "name": "SketchiteArmorLeggingsTickEvent"
    },
    "onBootsTick": {
      "name": "SketchiteArmorBootsTickEvent"
    },
    "creativeTab": {
      "value": "CUSTOM:OresArise"
    },
    "armorTextureFile": "sketchite",
    "helmetName": "Sketchite Helmet",
    "bodyName": "Sketchite Chestplate",
    "leggingsName": "Sketchite Leggings",
    "bootsName": "Sketchite Boots",
    "helmetSpecialInfo": [
      "§ePiece bonus: §1Night Vision I"
    ],
    "bodySpecialInfo": [
      "§ePiece bonus: §6Absorption I"
    ],
    "leggingsSpecialInfo": [
      "§ePiece bonus: §cRegeneration I"
    ],
    "bootsSpecialInfo": [
      "§ePiece bonus: §9Speed I"
    ],
    "helmetModelName": "Default",
    "helmetModelPart": "Helmet",
    "helmetModelTexture": "From armor",
    "bodyModelName": "Default",
    "bodyModelPart": "Body",
    "armsModelPartL": "Arms L",
    "armsModelPartR": "Arms R",
    "bodyModelTexture": "From armor",
    "leggingsModelName": "Default",
    "leggingsModelPartL": "Leggings L",
    "leggingsModelPartR": "Leggings R",
    "leggingsModelTexture": "From armor",
    "bootsModelName": "Default",
    "bootsModelPartL": "Boots L",
    "bootsModelPartR": "Boots R",
    "bootsModelTexture": "From armor",
    "helmetItemRenderType": 0,
    "helmetItemCustomModelName": "Normal",
    "bodyItemRenderType": 0,
    "bodyItemCustomModelName": "Normal",
    "leggingsItemRenderType": 0,
    "leggingsItemCustomModelName": "Normal",
    "bootsItemRenderType": 0,
    "bootsItemCustomModelName": "Normal",
    "helmetImmuneToFire": false,
    "bodyImmuneToFire": false,
    "leggingsImmuneToFire": false,
    "bootsImmuneToFire": false,
    "maxDamage": 15,
    "damageValueHelmet": 1,
    "damageValueBody": 3,
    "damageValueLeggings": 2,
    "damageValueBoots": 1,
    "enchantability": 9,
    "toughness": 0.0,
    "knockbackResistance": 0.0,
    "equipSound": {
      "value": ""
    },
    "repairItems": [
      {
        "value": "CUSTOM:SketchiteIngot"
      }
    ]
  }
}